Hidden Size,Learning Rate,Batch Size,Dropout,Patience,Accuracy,Training Time (s),Inference Time (s)
64,0.005,32,0.0,20,0.983402489626556,698.16,2.28
64,0.005,32,0.0,30,0.983402489626556,365.65,1.51
64,0.005,32,0.2,20,0.983402489626556,213.45,1.22
64,0.005,16,0.1,20,0.979253112033195,343.27,1.28
64,0.005,64,0.0,20,0.979253112033195,357.36,1.43
64,0.005,64,0.2,30,0.975103734439834,262.67,0.87
64,0.005,64,0.1,30,0.975103734439834,300.81,1.12
64,0.005,16,0.2,20,0.975103734439834,253.89,2.07
64,0.005,16,0.2,30,0.975103734439834,231.45,2.03
64,0.005,16,0.0,30,0.970954356846473,848.28,1.17
64,0.005,64,0.2,20,0.970954356846473,298.31,0.96
64,0.005,64,0.0,30,0.970954356846473,184.94,0.87
64,0.005,16,0.1,30,0.970954356846473,473.42,1.59
64,0.005,32,0.2,30,0.970954356846473,504.61,1.45
64,0.005,32,0.1,30,0.9626556016597511,298.73,0.88
64,0.005,32,0.1,20,0.9626556016597511,226.97,0.95
64,0.005,16,0.0,20,0.9585062240663901,156.95,0.86
64,0.005,64,0.1,20,0.9585062240663901,200.13,1.21
